<?xml version="1.0" encoding="utf-8"?>
<!DOCTYPE hibernate-mapping PUBLIC "-//Hibernate/Hibernate Mapping DTD 3.0//EN"
"http://hibernate.sourceforge.net/hibernate-mapping-3.0.dtd">
<!-- 
    Mapping file autogenerated by MyEclipse Persistence Tools
-->
<hibernate-mapping>
    <class name="tarena.persistence.Staff" table="staff" catalog="test">
        <id name="id" type="integer">
            <column name="id" />
            <generator class="increment" />
        </id>
        <property name="name" type="string">
            <column name="name" length="20" />
        </property>
        <property name="gender" type="string">
            <column name="gender" length="1" />
        </property>
    </class>
</hibernate-mapping>
